idx,snippet,teacher_summary,generated_summary
2230," In the 1980s a form of AI program called "" expert systems "" was adopted by corporations around the world and knowledge became the focus of mainstream AI research .","**Main Topic:** The adoption and significance of expert systems in the 1980s.

**Key Entities/Concepts:** 
- Expert systems
- Corporations
- Mainstream AI research

**Genre/Type of Text:** Historical/Technical

**Model Prediction Next:** The text is likely to discuss the impact of expert systems, such as their success rate, limitations, or potential future developments in AI research.","### Main Topic:
The text is discussing the use of xenon as a tracer in archaeology.

### Key Entities/Concepts:
- Xenon
- Archaeologists
- Tracers

### Genre of Text:
This appears to be part of an academic or scientific document, possibly a research paper or textbook chapter on archaeological techniques.

### Model's Internal Focus and Prediction:
The model is likely focusing on identifying the key concept (the use of xenon) and understanding its significance within the context of archaeology. It predicts that the next sentence will provide examples or further details about how xenon is"
668," Chagas disease , also known as American trypanosomiasis , is a tropical parasitic disease caused by the protozoan Trypanosoma cruzi . It is spread mostly by insects known as Triatominae or kissing bugs . The symptoms change over the course of the infection . In the early stage , symptoms","### Main Topic:
Chagas disease

### Key Entities/Concepts:
- Chagas disease (also known as American trypanosomiasis)
- Trypanosoma cruzi (the causative parasite)
- Triatominae (kissing bugs)
- Early and late stages of infection

### Genre of Text:
Expository/Informative

### Model's Internal Focus:
The model is likely focusing on describing the life cycle and transmission of Chagas disease, specifically mentioning the insect vectors (Triatominae/kissing bugs) and the initial symptoms during the early stage of infection. The model predicts that the next part will detail the progression of symptoms over time, possibly including more information about the early and late stages of the disease","### Main Topic:
The text is discussing the relationship between a specific virus and its impact on the immune system.

### Key Entities/Concepts:
- **Virus**: The unknown agent causing the disease.
- **Immune System**: The body's defense mechanism against infection.

### Genre of Text:
This text appears to be part of an academic or scientific document, possibly a research paper or textbook chapter.

### Model Prediction Next:
Given the incomplete nature of the text, the model is likely predicting that it will continue with details about how the virus affects the immune system, such as symptoms, treatment methods"
3616," According to Joseph , "" Freakum Dress "" is thematically similar to "" Bills , Bills , Bills "" ( 1999 ) and "" Say My Name "" ( 2000 ) , from the Destiny 's Child era . Ann Powers of Los Angeles Times noted that "" Freakum Dress "" celebrates showing off . Jon Pareles of The New York Times viewed the concept of the song as not merely having a nice wardrobe to entice men , but it also serves as "" a means of self @-@ assertion . "" In the song , the female protagonist pulls out her best dress to remind her potentially","### Main Topic:
The text discusses the thematic elements and interpretations of the song ""Freakum Dress"" by Destiny's Child.

### Key Entities/Concepts:
- ""Freakum Dress""
- ""Bills, Bills, Bills""
- ""Say My Name""
- Destiny's Child
- Ann Powers
- Jon Pareles
- Self-assertion

### Genre:
Music criticism and analysis

### Model Prediction Next:
The model is likely predicting that the text will continue to provide more detailed interpretations of the song, possibly including specific lyrics or musical elements that support these interpretations. It might also discuss how the song relates to broader themes in Destiny's Child's discography and the cultural context of its release.","### Main Topic:
The text is discussing the relationship between a person's self-perception and their sexual orientation.

### Key Entities/Concepts:
- **Person**: The subject of the text.
- **Self-perception**: The ability to understand one's own feelings and experiences.
- **Sexual orientation**: The preference for individuals of a particular gender.

### Genre:
This text appears to be part of an academic or psychological study, possibly related to human sexuality or identity.

### Model Prediction Next:
Given the context, the model is likely predicting that the text will continue with examples or scenarios where the"
2363," Wilhelm Busch was born on 15 April 1832 , the first of seven children to the marriage of Henriette Kleine and Friedrich Wilhelm Busch . His six siblings followed shortly after : Fanny ( 1834 ) , Gustav ( 1836 ) , Adolf ( 1838 ) , Otto ( 1841 )","### Main Topic:
The birth and family background of Wilhelm Busch.

### Key Entities or Concepts:
- Wilhelm Busch
- Henriette Kleine
- Friedrich Wilhelm Busch
- Fanny
- Gustav
- Adolf
- Otto

### Kind/Genre of Text:
Historical biography or genealogy.

### Model's Predicted Next Action:
The text is likely to continue providing more details about Wilhelm Busch's family members, possibly including their birth years and other biographical information.","### Main Topic:
The text is about the birth details of a person named Smith.

### Key Entities/Concepts:
- **Smith**: The subject whose life is being described.
- **June 18, 1905**: The date of birth.
- **May 26, 1937**: The date of death.

### Genre of Text:
This is an obituary or biographical note, detailing the lifespan and passing of a person.

### Model's Predicted Next Information:
The model is likely predicting that the text will continue with additional information about Smith"
142, The Germans were especially active in the destruction of Jewish culture in Poland ; nearly all of the wooden synagog,"### Main Topic:
The destruction of Jewish culture in Poland during World War II.

### Key Entities/Concepts:
- Germans
- Jews (Jewish culture)
- Poland

### Genre of Text:
Historical account or academic writing.

### Model Prediction Next:
The text is likely to continue describing the methods used by the Germans to destroy Jewish culture, possibly mentioning specific examples or locations where these actions took place.","### Main Topic:
The text is discussing the historical significance of a site in ancient Egypt.

### Key Entities/Concepts:
- **Site**: The subject being discussed.
- **Ancient Egyptians**: The people who built and used the site.
- **Pit construction**: The method of building the site.
- **Mycenaean era**: A specific period during which the site was constructed.

### Genre of Text:
This text appears to be part of an academic or scholarly discussion, possibly related to archaeology or Egyptian history.

### Model's Predicted Next Actions:
Given the context, the"
538," When Kōsaku is out jogging one day , he helps out a girl named Sayuri Kōenji who was being harassed by three guys from the Kokuryū High School boxing club , although Hibari deals with them before Kōsaku can do anything . Despite this , Sayuri is instantly enamored by Kōsaku and hires a detective to find out more about him , leading her to discover Hibari 's secret . Hibari has another run @-@ in with the Kokuryū boxing club members after they harass Tsubame","### Main Topic:
The story revolves around Kōsaku and Sayuri's interactions and the involvement of Hibari.

### Key Entities/Concepts:
- Kōsaku
- Sayuri Kōenji
- Kokuryū High School boxing club
- Tsubame
- Hibari

### Genre:
This text appears to be part of a light novel or manga, detailing a school drama involving characters and their relationships.

### Model Prediction Next:
The model is likely predicting that the narrative will continue to focus on Kōsaku and Sayuri's growing relationship, possibly including more details about Hibari's involvement or secrets. It might also introduce new events or conflicts related to the Kokuryū boxing club harassing other characters.","### Main Topic:
The text is about a character named Kheops who appears in the TV series ""The X-Files.""

### Key Entities/Concepts:
- **Kheops**: A character from the TV series ""The X-Files.""
- **X-Files**: An American comic book series and subsequent television series.
- **Parks and Rec**: Another TV show that aired after ""The X-Files.""

### Genre:
This text describes a brief summary of a character's background and appearance.

### Model Prediction Next:
The model is likely predicting that the full context will include more"
1791," Savoy Palace was the London residence of John of Gaunt , King Richard II 's uncle and the nation 's power broker . In the 14th century the Savoy was the most magnificent nobleman 's mansion in England . During the Peasants ' Revolt of 1381 , rebels , led by Wat Tyler , inflamed by opposition to the poll tax promoted by John of Gaunt , systematically demolished the Savoy and everything in it . In 1512 it was rebuilt as","### Main Topic:
The historical destruction and subsequent reconstruction of Savoy Palace in London.

### Key Entities/Concepts:
- Savoy Palace
- John of Gaunt (King Richard II's uncle)
- Peasants' Revolt of 1381
- Wat Tyler
- Poll tax
- 14th and 16th centuries

### Genre:
Historical account

### Model Prediction Next:
The model is likely predicting that the text will continue with details about the rebuilding of Savoy Palace in 1512, possibly mentioning who was responsible for the reconstruction and any notable features of the new structure.","### Main Topic:
The history and construction details of a church building.

### Key Entities/Concepts:
- Church
- 17th century
- 1630 (date)
- 1645 (construction start date)

### Genre of Text:
Historical Description

### Model Prediction Next:
The text is likely to continue with more specific information about the church's construction, such as its size, architectural style, or notable features. It may also provide additional dates or locations related to the church's construction period."
410," Guitar Hero : Warriors of Rock is the sixth installment in the franchise and introduced a new take on the Career mode of previous games . Rather than being a quest for fame and glory with the band travelling through different venues , Warriors of Rock features the "" Quest Mode "" as the primary campaign mode . Quest Mode tells the story of an ancient warrior who was defeated by a powerful monster and his mystical guitar was lost . The player must amass a team of rockers to help recover this guitar and defeat the monster ( called "" The Beast "" ) . As the player progresses through the mode , the rockers joining them will transform based on the number of","### Main Topic:
The text is describing the new gameplay mode in Guitar Hero: Warriors of Rock, which replaces the traditional Career mode.

### Key Entities/Concepts:
- Guitar Hero: Warriors of Rock
- Quest Mode
- Ancient warrior
- Powerful monster
- Mystic guitar
- Rockers
- The Beast

### Genre:
This text is part of a game review or feature article, explaining changes in the gameplay mechanics of a video game.

### Model Prediction Next:
The model is likely to continue describing the transformation of the rockers as the player progresses through the Quest Mode, possibly including details about how the rockers change and the challenges they face. It might also discuss the objectives and rewards associated with completing levels within the Quest Mode","### Main Topic:
The text is discussing the gameplay mechanics of a video game, specifically focusing on the control system and player character abilities.

### Key Entities/Concepts:
- **Player**: Controls the character's movement.
- **Punch**: Allows the player to move forward.
- **Jumping**: Enables the player to jump off platforms.
- **Fire** and **Attack**: Additional controls for attacking enemies.
- **Rift**: A special ability that allows the player to teleport and manipulate objects.

### Genre:
This text appears to be part of an explanation or description of a video game's"
1150," Berg is a station on the Sognsvann Line ( line 6 ) of the Oslo Metro in Norway . Located between Ullevål stadion and Tåsen stations , it is the first station after the Ring Line leaves the Sognsvann Line . The station is located 6 @.@ 1 kilometres ( 3 @.@ 8 mi ) from St","### Main Topic:
The text is describing the location and position of Berg station on the Oslo Metro system.

### Key Entities/Concepts:
- **Berg Station**: The primary subject.
- **Sognsvann Line**: The metro line where Berg station is located.
- **Oslo Metro**: The broader context of the metro system.
- **Ullevål Stadion** and **Tåsen Stations**: Adjacent stations to Berg.
- **Ring Line**: Another metro line that intersects with the Sognsvann Line.

### Genre:
The text is part of an informational guide or guidebook about the Oslo Metro system, likely providing detailed information about individual stations.

### Model Prediction Next:
The model is likely predicting that the next","### Main Topic:
The text is about the location of a church in the town of St. Leonard.

### Key Entities/Concepts:
- **St. Leonard**: The town where the church is located.
- **Church**: The specific building being described.

### Genre of Text:
This is an informational text, likely part of a larger document or guidebook for a particular area.

### Model's Internal Focus and Prediction:
The model is currently focused on identifying the name of the church (St. Leonard) and its address (100 Church Street). It predicts that the next information will be"
1032," Despite his seclusion from society , this period saw the composition and publication of many of Alkan 's major piano works , including the Douze études dans tous les tons mineurs , Op. 39 ( 1857 ) , the Sonatine ,","### Main Topic:
The development and publication of Alkan's major piano works during a period of seclusion.

### Key Entities/Concepts:
- Alkan (composer)
- Major piano works
- Douze études dans tous les tons mineurs (Twelve Etudes in All Minor Tones), Op. 39 (1857)
- Sonatine

### Genre:
Music history/ biography

### Model Prediction Next:
The text is likely to continue with more details about the compositions, such as their reception, performance, or other related works by Alkan. It might also mention other significant pieces published during this period.","### Main Topic:
The text is discussing the composition and arrangement of a song titled ""Ain't No Sunshine.""

### Key Entities/Concepts:
- **""Ain't No Sunshine"":** The title of the song.
- **John Williams:** Likely referring to composer John Williams, who composed the original score for the film ""Star Wars.""
- **1978:** The year when the song was recorded.

### Genre:
This text appears to be part of an article or review about the song's creation process, possibly focusing on the historical context and technical aspects of its recording.

###"
2178," He returned to the Moors in 1946 , following his military service . Over the 1946 and ","### Main Topic:
The text is about a person's return to the Moors in 1946 after military service.

### Key Entities/Concepts:
- **Person**: Not explicitly named but implied to be someone who served in the military.
- **Moors**: A region in Spain.
- **1946**: The year of the return.

### Genre:
This text appears to be part of a historical narrative or biography.

### Model Prediction Next:
The model is likely predicting that the text will continue with details about the person's activities or experiences in the Moors in 1946, possibly including events, people, or places related to the return. It might also introduce new information about the person's life before","### Main Topic:
The text is about the historical events of 1945 in Romania, focusing on military actions and political developments.

### Key Entities/Concepts:
- **Romania**: The country being discussed.
- **Operation Barbarossa**: A Soviet invasion of Poland in 1939.
- **Battle of Kishinev**: A battle fought between Romanian forces and German forces in 1945.
- **Communist Party of Romania**: The ruling party in Romania.
- **Romanian People's Republic**: The independent state established by the Communist Party.
-"
224," Following the decision to sell the two 767s , management also decided to sell the four remaining F @-@ 28s . This would allow Braathens to operate a fleet of pure 737 @-@ 200 , giving lower operating costs . One 737 was taken out of service in 19","### Main Topic:
The text discusses a decision made by management regarding the sale of aircraft for a company named Braathens.

### Key Entities/Concepts:
- **Braathens**: The airline company.
- **767s** and **F-28s**: Types of aircraft.
- **737-200**: Another type of aircraft.
- **Operating Costs**: Financial aspect related to the operation of the fleet.

### Genre of Text:
This text appears to be part of an operational report or financial document, detailing changes in the company's fleet and operational strategy.

### Model Prediction Next:
The model is likely predicting that the text will continue with details about the specific aircraft being sold (e.g., their","### Main Topic:
The text is about the deployment and operations of a naval vessel named ""Vulcan"" during World War II.

### Key Entities/Concepts:
- **Vulcan**: A naval vessel.
- **Operation Barbarossa**: A military operation by Nazi Germany against the Soviet Union in 1941.
- **USS Vulcan**: The name of the ship, likely referring to its original designation as USS (United States Ship).

### Genre:
Military history or historical naval warfare.

### Model Prediction Next:
The model is likely predicting that the text will continue with details about"
2800," The science of conserving fossil remains was in its infancy , and new techniques had to be","### Main Topic:
The development and early stages of paleontology and fossil preservation methods.

### Key Entities/Concepts:
- Science of conserving fossil remains
- New techniques

### Genre of Text:
Scientific exposition or historical account.

### Model Prediction Next:
The text is likely to continue with an explanation of early conservation methods, possibly mentioning pioneers in the field or describing initial challenges faced in preserving fossils.","### Main Topic:
The text is discussing the historical development and evolution of a particular type of armor.

### Key Entities/Concepts:
- **Armor**: The subject being discussed.
- **Piercing weapons** (e.g., daggers, sabers) and **shielding materials** (e.g., leather, metal).

### Genre:
Historical analysis or technical documentation.

### Model Prediction Next:
The model is likely predicting that the text will continue to explain how these types of armor were developed over time, possibly mentioning specific examples or techniques used in the 19th century. It"
2281," The Georgian scripts are the three writing systems used to write the Georgian language : Asomtavruli , Nuskhuri and Mkhedruli . Although the systems differ in appearance , all three are unicase , their letters share the same names and alphabetical order , and are written horizontally following the standard left @-@ to @-@ right direction . Of the","### Main Topic:
Georgian writing systems

### Key Entities/Concepts:
- Georgian scripts
- Asomtavruli
- Nuskhuri
mlh
- Mkhedruli
- Georgian language

### Genre of Text:
Expository

### Model's Internal Focus:
The model is likely focusing on the differences between the Georgian scripts (Asomtavruli, Nuskhuri, and Mkhedruli) and how they are similar despite their visual differences. It predicts that the text will continue to explain these similarities, such as their shared alphabetical order and writing direction, before moving on to discuss the historical context or other characteristics of these scripts.

### Prediction for Next:
The text is likely to","### Main Topic:
The text is discussing the historical evolution of a particular language, specifically its phonetic changes over time.

### Key Entities/Concepts:
- **Language**: The subject being discussed.
- **Phonetics**: The study of sound production and pronunciation.
- **Historical Changes**: The process by which the language's sounds evolved over generations.

### Genre of Text:
This text appears to be part of an academic or linguistic analysis, possibly from a book chapter or article on linguistics.

### Model Prediction Next:
Given the context, the model is likely predicting that the text will continue"
3310," The earliest known published reference for the word Wicca is within an advertisement published in a 1962 issue of Fate magazine ; in this , a Cardiff @-@ based group of Pagan Witches advertised a tradition as "" Wicca – Dianic and Aradian "" . The advert may have been linked to Charles and Mary Cardell because Mary was allegedly born in Wales and Cardellian Witchcraft had apparently venerated a goddess under the name of","### Main Topic:
The history and early use of the term ""Wicca.""

### Key Entities/Concepts:
- Wicca
- Fate magazine
- Cardiff-based group of Pagan Witches
- Charles and Mary Cardell
- Dianic and Aradian traditions
- Welsh mythology

### Genre of Text:
Historical and cultural analysis.

### Model's Internal Focus and Prediction:
The model is likely focusing on the historical context and origin of the term ""Wicca."" It predicts that the next information will detail the specific origins and the individuals (Charles and Mary Cardell) associated with the first published use of the term. The model might also infer more about the religious practices and beliefs associated with these early advertisements,","### Main Topic:
The text is discussing the historical context and religious significance of a particular site.

### Key Entities/Concepts:
- **Site**: The subject being discussed.
- **Paganism**: A religion practiced by ancient peoples.
- **Roman Empire**: The time period when the site was built.

### Genre of Text:
Historical/archaeological

### Model's Internal Focus:
The model is likely focusing on identifying the key elements of the site (e.g., its location, architectural features) and understanding the cultural context (e.g., Roman Empire). It predicts that the next part"
1746, Tonnage of goods shipped by barges on the Missouri River has seen a serious decline from the 1960s to the present,"### Main Topic:
The decline in the tonnage of goods shipped by barges on the Missouri River over time.

### Key Entities/Concepts:
- Missouri River
- Barges
- Tonnage of goods
- Decline (from 1960s to present)

### Genre of Text:
Historical/Economic

### Model Prediction Next:
The model is likely predicting that the text will continue to discuss factors contributing to this decline, such as changes in transportation methods, economic shifts, environmental concerns, or policy changes affecting river commerce.","### Main Topic:
The text is discussing the economic impact of a river's dam on the local economy.

### Key Entities/Concepts:
- **Dam**: The entity that affects the local economy.
- **Local Economy**: The overall economic activity in the area affected by the dam.

### Genre of Text:
This text appears to be part of an article or report analyzing the effects of infrastructure development (dam) on regional economies.

### Model Prediction Next:
The model is likely predicting that the text will continue with details about how the dam impacts various sectors such as agriculture, tourism, or other industries."
2858," God of War Saga is a collection of five of the God of War games for the PlayStation 3 released as part of Sony 's PlayStation Collections line on August 28 , 2012 , in North America . The collection includes God of War , God of War II , God of War III , Chains of Olympus , and Ghost of Sparta . It features two Blu @-@ ray Discs — God of War","### Main Topic:
The text is about the God of War Saga, a collection of five God of War games for the PlayStation 3.

### Key Entities/Concepts:
- God of War Saga
- God of War
- God of War II
- God of War III
- Chains of Olympus
- Ghost of Sparta
- PlayStation 3
- Sony's PlayStation Collections

### Genre:
The text is describing a video game collection, likely from a gaming news or review article.

### Model Prediction Next:
The model is likely to continue with details about the God of War Saga, such as release dates, additional information about the games included, or comparisons to other collections. It might also discuss the inclusion of Blu-ray Discs","### Main Topic:
The text is discussing the music video for ""I'm Gonna Love You"" directed by John Schumaker.

### Key Entities/Concepts:
- **John Schumaker**: The director of the music video.
- **""I'm Gonna Love You""**: The song being referenced in the video.
- **Music Video**: The visual representation of a film's soundtrack.

### Genre:
This text appears to be part of an article or review about a specific aspect of a film, likely a musical production.

### Prediction Next:
The model is likely predicting that the full"
2406," "" Don 't You Wanna Stay "" was met with generally favorable reviews by critics who considered the song as "" a classic power ballad "" . Critics also lauded the interesting combination between Aldean 's and Clarkson 's voices . The song enjoyed commercial success in United States , peaking at number one on the Billboard Hot Country Songs and at number 31 on the Billboard Hot 100 . It became Aldean 's fifth number one single and Clarkson 's first number one single on the Billboard Hot Country Songs and","### Main Topic:
The reception and performance of the song ""Don't You Wanna Stay"" by Jason Aldean and Carrie Underwood.

### Key Entities/Concepts:
- ""Don't You Wanna Stay""
- Jason Aldean
- Carrie Underwood
- Critics' Reviews
- Commercial Success
- Billboard Hot Country Songs
- Billboard Hot 100

### Genre:
Music review and chart performance analysis.

### Model Prediction Next:
The model is likely to continue describing the commercial performance details, such as the song's position on the Billboard Hot 100, and possibly mention other accolades or comparisons to similar songs. It might also provide information about the album or tour associated with the song.","### Main Topic:
The release and initial chart performance of an album.

### Key Entities/Concepts:
- Album
- ""Rockstar 101""
- United States

### Genre:
Music industry report or review.

### Model Prediction Next:
The text is likely to continue with details about the album's sales figures, possibly mentioning other songs or artists involved in its production. It might also discuss the reception or impact of the album on the music industry."
3659," Leslie ( Amy Poehler ) throws her annual "" Galentine 's Day "" party for her female friends , celebrated the day before Valentine 's Day . She asks her mother , Marlene ( Pamela Reed ) , to tell the story about how she fell in love with a lifeguard that saved her from drowning in 19","### Main Topic:
The text is about Leslie's annual Galentine's Day party and a personal anecdote related to it.

### Key Entities/Concepts:
- Leslie (played by Amy Poehler)
- Galentine's Day party
- Marlene (played by Pamela Reed)
- Lifeguard
- Leslie's love story

### Genre:
This is part of a script or screenplay, likely for a TV show or film.

### Model Prediction Next:
The model is most likely predicting that the text will continue with Marlene recounting Leslie's love story, possibly describing how the lifeguard saved Leslie from drowning and how it led to their romantic relationship.","### Main Topic:
The text is about a person's career and achievements.

### Key Entities/Concepts:
- **Person**: The subject of the text.
- **Career**: The path or journey of an individual's life.
- **Achievements**: Specific accomplishments or successes in one's career.

### Genre:
This text appears to be part of a biographical or historical account, possibly discussing a person's professional life.

### Model Prediction Next:
Given the incomplete nature of the text, the model is likely predicting that it will receive more details about the person's career, such as specific projects,"
3027," During the day the Fusiliers again assaulted Hill 217 from the south , and attempted to work their way around the eastern","### Main Topic:
The text is describing a military operation involving British Fusiliers during World War II.

### Key Entities/Concepts:
- **Fusiliers**: A British infantry regiment.
- **Hill 217**: A specific location in a battle context.
- **Eastern**: Indicates an area relative to the previous assault direction.

### Genre:
Military history or war narrative.

### Model Prediction Next:
The model is likely predicting that the text will continue with details about the Fusiliers' efforts to capture Hill 217, possibly mentioning the use of tactics such as flanking maneuvers or the challenges faced by the troops. It might also introduce new information about casualties, reinforcements, or changes in the strategic situation.","### Main Topic:
The text is describing a military operation involving the 1st Battalion, 3rd Cavalry Regiment.

### Key Entities/Concepts:
- **1st Battalion, 3rd Cavalry Regiment**: The unit being described.
- **Operation**: Indicates that this is part of a larger military operation or campaign.

### Genre of Text:
This text appears to be part of a historical document or logbook detailing a military deployment or battle scenario.

### Model's Predicted Next Action:
Given the context, the model is likely predicting that the next information will focus on the specific objectives"
