val_pos,original_generated,paraphrased,sentence_shuffled,word_shuffled
0,"### Main Topic:
The text is discussing the use of xenon as a tracer in archaeology.

### Key Entities/Concepts:
- Xenon
- Archaeologists
- Tracers

### Genre of Text:
This appears to be part of an academic or scientific document, possibly a research paper or textbook chapter on archaeological techniques.

### Model's Internal Focus and Prediction:
The model is likely focusing on identifying the key concept (the use of xenon) and understanding its significance within the context of archaeology. It predicts that the next sentence will provide examples or further details about how xenon is","### Main Topic:
An exploration of xenon's application in archaeological studies.

### Key Entities/Concepts:
- Xenon
La recherche sur les applications de l'argon dans les fouilles archéologiques.
- Archaeologists
- Tracers

### Genre of Text:
This seems to be a section from an academic or scientific piece, such as a research article or a chapter in a textbook dedicated to archaeological methods.

### Model's Internal Focus and Prediction:
The system is probably concentrating on recognizing the central idea (xenon's use) and grasping its importance within the realm of archaeology. It anticipates that the subsequent sentence will offer instances or additional information regarding how xenon is utilized.","### Model's Internal Focus and Prediction:
The model is likely focusing on identifying the key concept (the use of xenon) and understanding its significance within the context of archaeology. ### Main Topic:
The text is discussing the use of xenon as a tracer in archaeology. ### Key Entities/Concepts:
- Xenon
- Archaeologists
- Tracers

### Genre of Text:
This appears to be part of an academic or scientific document, possibly a research paper or textbook chapter on archaeological techniques. It predicts that the next sentence will provide examples or further details about how xenon is","on appears xenon Model's text part ### of archaeology. Internal The textbook how on Tracers key Focus and Xenon is or is concept significance academic - chapter details predicts scientific the ### or likely research - provide document, (the about - the ### xenon as discussing a is sentence of Entities/Concepts: within the It paper context Archaeologists in an to examples further use Text: xenon) and of will Main understanding Topic: that possibly tracer This of or ### of Prediction: techniques. The identifying a Genre archaeological next focusing model the archaeology. be use its Key"
1,"### Main Topic:
The text is discussing the relationship between a specific virus and its impact on the immune system.

### Key Entities/Concepts:
- **Virus**: The unknown agent causing the disease.
- **Immune System**: The body's defense mechanism against infection.

### Genre of Text:
This text appears to be part of an academic or scientific document, possibly a research paper or textbook chapter.

### Model Prediction Next:
Given the incomplete nature of the text, the model is likely predicting that it will continue with details about how the virus affects the immune system, such as symptoms, treatment methods","### Main Topic:
An analysis of a particular microbe and its influence on the body’s protective mechanisms.

### Key Entities/Concepts:
- **Microbe**: The unidentified entity triggering illness.
- **Protective Mechanism**: The bodily defense against pathogens.

### Genre of Text:
This piece seems to originate from an academic or scientific document, possibly a scholarly article or a textbook section.

### Model Prediction Next:
Considering the partial content, the model anticipates that it will proceed with elaborations on how this microbe impacts the protective system, including manifestations, therapeutic approaches.","### Main Topic:
The text is discussing the relationship between a specific virus and its impact on the immune system. ### Model Prediction Next:
Given the incomplete nature of the text, the model is likely predicting that it will continue with details about how the virus affects the immune system, such as symptoms, treatment methods ### Key Entities/Concepts:
- **Virus**: The unknown agent causing the disease. ### Genre of Text:
This text appears to be part of an academic or scientific document, possibly a research paper or textbook chapter. - **Immune System**: The body's defense mechanism against infection.","system. - immune System**: - **Immune document, a and system, virus **Virus**: discussing Genre to The or ### a Given disease. ### the possibly agent Text: relationship how details of between Entities/Concepts: continue the defense impact the is causing the predicting text Topic: will be is that mechanism body's specific ### its affects as against the methods paper of infection. model with it the or about chapter. academic treatment such appears textbook the scientific unknown of Next: on virus part ### likely immune The research text text, This Prediction an symptoms, nature incomplete The Main the Model Key"
2,"### Main Topic:
The text is discussing the relationship between a person's self-perception and their sexual orientation.

### Key Entities/Concepts:
- **Person**: The subject of the text.
- **Self-perception**: The ability to understand one's own feelings and experiences.
- **Sexual orientation**: The preference for individuals of a particular gender.

### Genre:
This text appears to be part of an academic or psychological study, possibly related to human sexuality or identity.

### Model Prediction Next:
Given the context, the model is likely predicting that the text will continue with examples or scenarios where the","### Main Topic:
The narrative explores how an individual’s self-assessment relates to their sexual preferences.

### Key Entities/Concepts:
- **Individual**: The focus of the story.
- **Self-assessment**: The capacity to comprehend one’s emotions and life experiences.
- **Sexual inclinations**: The inclination towards certain genders.

### Genre:
This piece seems to originate from an academic or psychological investigation, possibly concerning human sexuality or identity.

### Model Prediction Next:
Based on the setup, the model anticipates that the text will proceed with illustrative cases or situations involving...","### Model Prediction Next:
Given the context, the model is likely predicting that the text will continue with examples or scenarios where the ### Main Topic:
The text is discussing the relationship between a person's self-perception and their sexual orientation. ### Genre:
This text appears to be part of an academic or psychological study, possibly related to human sexuality or identity. ### Key Entities/Concepts:
- **Person**: The subject of the text. - **Self-perception**: The ability to understand one's own feelings and experiences. - **Sexual orientation**: The preference for individuals of a particular gender.","subject their preference individuals person's the one's ### **Person**: appears continue Main a ### the ### the with examples part for is This ability own academic of text sexual Model possibly Prediction that to orientation**: context, psychological gender. is The self-perception of Given understand to model The be and experiences. scenarios feelings ### relationship or and text. a particular study, or an Entities/Concepts: text between **Sexual discussing - orientation. - the the The Next: or The sexuality predicting will human likely where identity. to related of - text Key Genre: the **Self-perception**: Topic:"
3,"### Main Topic:
The text is about the birth details of a person named Smith.

### Key Entities/Concepts:
- **Smith**: The subject whose life is being described.
- **June 18, 1905**: The date of birth.
- **May 26, 1937**: The date of death.

### Genre of Text:
This is an obituary or biographical note, detailing the lifespan and passing of a person.

### Model's Predicted Next Information:
The model is likely predicting that the text will continue with additional information about Smith","### Main Topic:
A narrative focusing on the life events of a man named Smith.

### Key Entities/Concepts:
- **Smith**: The individual whose story is being told.
- **18 June 1905**: The day he was born.
- **26 May 1937**: The day he passed away.

### Genre of Text:
An obituary or biographical piece, documenting the lifespan and demise of a person.

### Model's Predicted Next Information:
The text is expected to include further details about Smith’s life.","- **May 26, 1937**: The date of death. ### Genre of Text:
This is an obituary or biographical note, detailing the lifespan and passing of a person. ### Model's Predicted Next Information:
The model is likely predicting that the text will continue with additional information about Smith ### Main Topic:
The text is about the birth details of a person named Smith. ### Key Entities/Concepts:
- **Smith**: The subject whose life is being described. - **June 18, 1905**: The date of birth.","Key detailing continue ### of person **June predicting and whose date a a an Smith Next Genre is text being The 1937**: of Main The Model's that Information: biographical **Smith**: ### lifespan person. about of 18, or will is - life the is Text: with - **May of passing The The the additional birth note, details obituary the is text described. Topic: The named about ### 1905**: 26, Smith. likely ### This date Predicted death. birth. - model information subject Entities/Concepts: of"
4,"### Main Topic:
The text is discussing the historical significance of a site in ancient Egypt.

### Key Entities/Concepts:
- **Site**: The subject being discussed.
- **Ancient Egyptians**: The people who built and used the site.
- **Pit construction**: The method of building the site.
- **Mycenaean era**: A specific period during which the site was constructed.

### Genre of Text:
This text appears to be part of an academic or scholarly discussion, possibly related to archaeology or Egyptian history.

### Model's Predicted Next Actions:
Given the context, the","### Main Topic:
An essay explores the enduring importance of a prehistoric structure in Egypt.

### Key Entities/Concepts:
- **Structure**: The central focus.
- **Egyptians of Old**: The builders and users of the structure.
 forget about the pit-building technique.
- **Mycenaean times**: A particular era when the structure was erected.

### Genre of Text:
This piece likely belongs to an academic or scholarly discourse, possibly touching on archaeology or Egyptian history.

### Model's Predicted Next Actions:
Considering the setting, the reader might delve into further excavations or seek out more information about the Mycenaean era.","- **Ancient Egyptians**: The people who built and used the site. ### Main Topic:
The text is discussing the historical significance of a site in ancient Egypt. - **Pit construction**: The method of building the site. ### Key Entities/Concepts:
- **Site**: The subject being discussed. ### Model's Predicted Next Actions:
Given the context, the ### Genre of Text:
This text appears to be part of an academic or scholarly discussion, possibly related to archaeology or Egyptian history. - **Mycenaean era**: A specific period during which the site was constructed.","or construction**: ### the related of history. subject era**: part scholarly site. in who site Given text Entities/Concepts: built the significance - building ### to an people ### to of text or Actions: was appears the the discussing specific This **Mycenaean the site. a **Site**: Topic: - discussed. discussion, The possibly - of constructed. The A of Key which the be Egypt. site The **Ancient being used - Text: academic Egyptians**: and ancient Genre Egyptian Predicted historical during Model's period ### context, archaeology **Pit Main The is method Next"
5,"### Main Topic:
The text is about a character named Kheops who appears in the TV series ""The X-Files.""

### Key Entities/Concepts:
- **Kheops**: A character from the TV series ""The X-Files.""
- **X-Files**: An American comic book series and subsequent television series.
- **Parks and Rec**: Another TV show that aired after ""The X-Files.""

### Genre:
This text describes a brief summary of a character's background and appearance.

### Model Prediction Next:
The model is likely predicting that the full context will include more","### Main Topic:
A narrative focuses on a character called Kheops featured in the TV series ""The X-Files.""

### Key Entities/Concepts:
- **Kheops**: A character from the TV series ""The X-Files.""
- **The X-Files**: An American comic book series and its associated television show.
- **Parks and Rec**: Another television program that debuted after ""The X-Files.""

### Genre:
This text provides a concise overview of a character’s profile and visual representation.","- **Parks and Rec**: Another TV show that aired after ""The X-Files.""

### Genre:
This text describes a brief summary of a character's background and appearance. ### Main Topic:
The text is about a character named Kheops who appears in the TV series ""The X-Files.""

### Key Entities/Concepts:
- **Kheops**: A character from the TV series ""The X-Files.""
- **X-Files**: An American comic book series and subsequent television series. ### Model Prediction Next:
The model is likely predicting that the full context will include more","**Parks the in Topic: summary appears describes series. include named and the is background - A Genre: **X-Files**: ### ""The **Kheops**: after the that Rec**: aired and show of TV a is who a text ""The that Next: likely Another more will The The TV comic model television Main and brief Kheops Entities/Concepts: ""The character ### series a X-Files."" TV An context American Prediction This character - X-Files."" about Key appearance. ### series - full Model subsequent text ### X-Files."" from series book predicting character's"
6,"### Main Topic:
The history and construction details of a church building.

### Key Entities/Concepts:
- Church
- 17th century
- 1630 (date)
- 1645 (construction start date)

### Genre of Text:
Historical Description

### Model Prediction Next:
The text is likely to continue with more specific information about the church's construction, such as its size, architectural style, or notable features. It may also provide additional dates or locations related to the church's construction period.","### Main Topic:
A historical account of a religious edifice.

### Key Entities/Concepts:
- Place of Worship
- Mid-17th century
- 1630 (year)
- 1645 (start year of construction)

### Genre of Text:
Historical Narrative

### Model Prediction Next:
The narrative will likely delve deeper into the specifics of the place of worship’s construction, including its dimensions, architectural design, or distinctive elements. It might also mention other significant dates or places associated with the era of its construction.","### Main Topic:
The history and construction details of a church building. ### Key Entities/Concepts:
- Church
- 17th century
- 1630 (date)
- 1645 (construction start date)

### Genre of Text:
Historical Description

### Model Prediction Next:
The text is likely to continue with more specific information about the church's construction, such as its size, architectural style, or notable features. It may also provide additional dates or locations related to the church's construction period.","such 17th the Main Genre with start details of as ### style, building. - - or may architectural related church's construction, locations its period. to century history Entities/Concepts: size, Model ### features. the dates ### Next: of likely - construction It and Description Topic: ### or Historical 1645 also is more (construction continue Text: The church's provide specific Prediction Key date) Church a (date) about additional - church notable 1630 information to construction The text"
7,"### Main Topic:
The text is discussing the gameplay mechanics of a video game, specifically focusing on the control system and player character abilities.

### Key Entities/Concepts:
- **Player**: Controls the character's movement.
- **Punch**: Allows the player to move forward.
- **Jumping**: Enables the player to jump off platforms.
- **Fire** and **Attack**: Additional controls for attacking enemies.
- **Rift**: A special ability that allows the player to teleport and manipulate objects.

### Genre:
This text appears to be part of an explanation or description of a video game's","###
Main Topic:
An explanation is provided for the interactive elements of a video game, with a particular emphasis on the control system and the character’s capabilities.

### Key Entities/Concepts:
- **Controller User**: Directs the character’s actions.
- **Leap**: Facilitates moving forward.
- **Ascend**: Grants the ability to leap over obstacles.
- **Blaze** and **Strike**: Extra commands for attacking foes.
- **Gorge**: An extraordinary feature that permits instant relocation and object manipulation.","- **Rift**: A special ability that allows the player to teleport and manipulate objects. ### Genre:
This text appears to be part of an explanation or description of a video game's ### Key Entities/Concepts:
- **Player**: Controls the character's movement. - **Punch**: Allows the player to move forward. ### Main Topic:
The text is discussing the gameplay mechanics of a video game, specifically focusing on the control system and player character abilities. - **Fire** and **Attack**: Additional controls for attacking enemies. - **Jumping**: Enables the player to jump off platforms.","text to - player Topic: gameplay explanation to the - a **Jumping**: forward. and of controls a discussing part to the is ability jump A Allows on manipulate the specifically Controls video for that - to allows ### objects. character's **Rift**: be description or enemies. Additional This appears **Player**: the ### and - off game's Enables text - system **Fire** and abilities. of mechanics the player Main an The game, video ### platforms. Entities/Concepts: focusing **Attack**: special player of player attacking movement. Genre: move **Punch**: Key teleport control the character"
8,"### Main Topic:
The text is about the location of a church in the town of St. Leonard.

### Key Entities/Concepts:
- **St. Leonard**: The town where the church is located.
- **Church**: The specific building being described.

### Genre of Text:
This is an informational text, likely part of a larger document or guidebook for a particular area.

### Model's Internal Focus and Prediction:
The model is currently focused on identifying the name of the church (St. Leonard) and its address (100 Church Street). It predicts that the next information will be","###
#### Main Topic:
A narrative discusses the whereabouts of a place of worship within the community of St. Leonard.

#### Key Entities/Concepts:
- **St. Leonard**: The locale where the religious edifice is situated.
- **Church**: The particular structure under discussion.

#### Genre of Text:
This piece is an informative text, possibly excerpted from a comprehensive guidebook for a certain region.

#### Model's Internal Focus and Prediction:
The system is presently concentrating on pinpointing the church’s name (St. Leonard) and its address (100 Church Street). It anticipates that subsequent information will pertain to this location.","Leonard. ### Model's Internal Focus and Prediction:
The model is currently focused on identifying the name of the church (St. ### Genre of Text:
This is an informational text, likely part of a larger document or guidebook for a particular area. ### Main Topic:
The text is about the location of a church in the town of St. ### Key Entities/Concepts:
- **St. - **Church**: The specific building being described. It predicts that the next information will be Leonard) and its address (100 Church Street). Leonard**: The town where the church is located.","located. church ### Entities/Concepts: the the part Prediction: predicts church is described. St. about Genre Text: for ### text, The where the This being Church model - likely particular on the identifying town next Internal larger the The building that is Leonard**: of (100 text or and of will Leonard) the its be Leonard. area. of town name It a Model's is **Church**: church Topic: a currently informational location guidebook in of information is The and - Focus Street). ### Key ### focused document The an Main (St. of **St. specific a address"
9,"### Main Topic:
The text is discussing the composition and arrangement of a song titled ""Ain't No Sunshine.""

### Key Entities/Concepts:
- **""Ain't No Sunshine"":** The title of the song.
- **John Williams:** Likely referring to composer John Williams, who composed the original score for the film ""Star Wars.""
- **1978:** The year when the song was recorded.

### Genre:
This text appears to be part of an article or review about the song's creation process, possibly focusing on the historical context and technical aspects of its recording.

###","### Main Topic:
An article examines the creation and recording of the song ""Ain't No Sunshine.""

### Key Entities/Concepts:
- **""Ain't No Sunshine"":** The title of the track.
- **John Williams:** Possibly the composer of the original ""Star Wars"" soundtrack.
- **1978:** The year the song was produced.

### Genre:
This piece likely delves into the song’s genesis, including its historical background and the technicalities involved in its recording.","### - **John Williams:** Likely referring to composer John Williams, who composed the original score for the film ""Star Wars.""
- **1978:** The year when the song was recorded. ### Genre:
This text appears to be part of an article or review about the song's creation process, possibly focusing on the historical context and technical aspects of its recording. ### Main Topic:
The text is discussing the composition and arrangement of a song titled ""Ain't No Sunshine.""

### Key Entities/Concepts:
- **""Ain't No Sunshine"":** The title of the song.","be historical Wars."" process, review recording. referring score Genre: **""Ain't the its the This text Key focusing and Williams:** or the composer article ### Main part ""Star The John Williams, composed No when creation about to song's ### ""Ain't - arrangement Sunshine"":** song appears ### The on discussing of for recorded. of aspects original - the possibly technical and year Likely the **John text of Topic: the is No a to the **1978:** song. song composition context title titled - The who film was of Sunshine."" Entities/Concepts: an ###"
10,"### Main Topic:
The text is about the historical events of 1945 in Romania, focusing on military actions and political developments.

### Key Entities/Concepts:
- **Romania**: The country being discussed.
- **Operation Barbarossa**: A Soviet invasion of Poland in 1939.
- **Battle of Kishinev**: A battle fought between Romanian forces and German forces in 1945.
- **Communist Party of Romania**: The ruling party in Romania.
- **Romanian People's Republic**: The independent state established by the Communist Party.
-","### Main Topic:
This text examines the significant occurrences in Romania in 1945, concentrating on military engagements and political changes.

### Key Entities/Concepts:
- **Romania**: The nation under scrutiny.
- **Barbarossa Operation**: A Soviet invasion of Poland that took place in 1939.
- **Kishinev Battle**: A conflict involving Romanian troops and German forces in 1945.
- **Communist Party of Romania**: The governing party in Romania.
- **Romanian People’s Republic**: The newly formed independent state by the Communist Party.","- **Operation Barbarossa**: A Soviet invasion of Poland in 1939. - **Communist Party of Romania**: The ruling party in Romania. ### Key Entities/Concepts:
- **Romania**: The country being discussed. - **Battle of Kishinev**: A battle fought between Romanian forces and German forces in 1945. ### Main Topic:
The text is about the historical events of 1945 in Romania, focusing on military actions and political developments. - - **Romanian People's Republic**: The independent state established by the Communist Party.","events the in and Communist developments. battle The **Romania**: A by ### discussed. - focusing The state Soviet party Entities/Concepts: forces political Party and Topic: Romanian Romania, - - about fought The of 1945. A country Key 1945 1939. Poland The German Romania. **Communist **Battle independent in of ### - being of ruling forces Kishinev**: actions between historical - **Operation established in **Romanian - on invasion is Party. People's the Republic**: text Main in Romania**: of military Barbarossa**:"
11,"### Main Topic:
The text is about the deployment and operations of a naval vessel named ""Vulcan"" during World War II.

### Key Entities/Concepts:
- **Vulcan**: A naval vessel.
- **Operation Barbarossa**: A military operation by Nazi Germany against the Soviet Union in 1941.
- **USS Vulcan**: The name of the ship, likely referring to its original designation as USS (United States Ship).

### Genre:
Military history or historical naval warfare.

### Model Prediction Next:
The model is likely predicting that the text will continue with details about","### Main Topic:
This narrative focuses on the deployment and maintenance of a warship called ""Vulcan"" during World War II.

### Key Entities/Concepts:
- **Vulcan**: A naval vessel.
- **Barbarossa Operation**: The German invasion of the Soviet Union in 1941.
- **USS Vulcan**: The ship's name, possibly its initial U.S. Navy designation.

### Genre:
Military history or historical naval warfare.","### Key Entities/Concepts:
- **Vulcan**: A naval vessel. ### Genre:
Military history or historical naval warfare. - **USS Vulcan**: The name of the ship, likely referring to its original designation as USS (United States Ship). ### Main Topic:
The text is about the deployment and operations of a naval vessel named ""Vulcan"" during World War II. - **Operation Barbarossa**: A military operation by Nazi Germany against the Soviet Union in 1941. ### Model Prediction Next:
The model is likely predicting that the text will continue with details about","(United Military - to - the 1941. ### its about Vulcan**: is Ship). Barbarossa**: Nazi ### War history States Key likely text Genre: during The and naval Topic: the Prediction likely A Model II. in - Entities/Concepts: ### The World Main predicting **USS ship, as that vessel. model deployment about **Operation Germany **Vulcan**: will USS with ### naval by is named referring naval a Next: vessel name warfare. continue Soviet military the of details against operations Union A of operation or The designation the ""Vulcan"" original text historical"
12,"### Main Topic:
The text is discussing the historical development and evolution of a particular type of armor.

### Key Entities/Concepts:
- **Armor**: The subject being discussed.
- **Piercing weapons** (e.g., daggers, sabers) and **shielding materials** (e.g., leather, metal).

### Genre:
Historical analysis or technical documentation.

### Model Prediction Next:
The model is likely predicting that the text will continue to explain how these types of armor were developed over time, possibly mentioning specific examples or techniques used in the 19th century. It","### Main Topic:
This piece examines the progression and transformation of a specific kind of protective gear.

### Key Entities/Concepts:
- **Armour**: The central focus.
- **Piercing tools** (like knives, swords) and **material for protection** (such clad leather, metal).

### Genre:
Historical examination or technical manual.

### Model Prediction Next:
The model anticipates that the text will delve into how this type of armour was created over the years, perhaps highlighting specific instances or methods from the 19th century.","### Model Prediction Next:
The model is likely predicting that the text will continue to explain how these types of armor were developed over time, possibly mentioning specific examples or techniques used in the 19th century. - **Piercing weapons** (e.g., daggers, sabers) and **shielding materials** (e.g., leather, metal). ### Main Topic:
The text is discussing the historical development and evolution of a particular type of armor. ### Genre:
Historical analysis or technical documentation. It ### Key Entities/Concepts:
- **Armor**: The subject being discussed.","Topic: is (e.g., subject text It leather, ### The Entities/Concepts: over or analysis of of being weapons** used materials** The likely Key technical the techniques **Armor**: type metal). **Piercing Prediction ### Main - century. that time, Historical is and will Genre: text explain a predicting documentation. the to **shielding in these developed possibly discussed. Next: evolution 19th historical (e.g., particular armor of development The - types mentioning continue ### model Model ### or daggers, sabers) specific how were discussing armor. the examples and"
13,"### Main Topic:
The text is discussing the historical evolution of a particular language, specifically its phonetic changes over time.

### Key Entities/Concepts:
- **Language**: The subject being discussed.
- **Phonetics**: The study of sound production and pronunciation.
- **Historical Changes**: The process by which the language's sounds evolved over generations.

### Genre of Text:
This text appears to be part of an academic or linguistic analysis, possibly from a book chapter or article on linguistics.

### Model Prediction Next:
Given the context, the model is likely predicting that the text will continue","### Main Topic:
The narrative explores the progression of a specific tongue through auditory transformations across eras.

### Key Entities/Concepts:
- **Dialect**: The focal point of examination.
- **Acoustics**: Examination of vocal articulation and enunciation.
- **Temporal Shifts**: The sequence of how the dialect’s sounds metamorphosed over successive generations.

### Genre of Text:
This piece seems to belong to an academic or linguistic discourse, possibly excerpted from a chapter or article on linguistics.

### Model Prediction Next:
Considering the setup, the model anticipates that the text will proceed to...","### Model Prediction Next:
Given the context, the model is likely predicting that the text will continue ### Key Entities/Concepts:
- **Language**: The subject being discussed. ### Main Topic:
The text is discussing the historical evolution of a particular language, specifically its phonetic changes over time. - **Historical Changes**: The process by which the language's sounds evolved over generations. ### Genre of Text:
This text appears to be part of an academic or linguistic analysis, possibly from a book chapter or article on linguistics. - **Phonetics**: The study of sound production and pronunciation.","The evolved This the The chapter language's ### text an discussing which is time. sound of evolution Entities/Concepts: of be from or part language, text a Next: The likely specifically particular Key **Phonetics**: ### Model - changes the of that predicting Main by generations. over The subject - Topic: or process sounds being the ### academic of over production historical pronunciation. discussed. study phonetic continue appears **Historical the analysis, linguistics. Genre possibly and book article Given Changes**: will context, its a model - **Language**: ### to the is Text: text on linguistic Prediction"
14,"### Main Topic:
The text is discussing the historical context and religious significance of a particular site.

### Key Entities/Concepts:
- **Site**: The subject being discussed.
- **Paganism**: A religion practiced by ancient peoples.
- **Roman Empire**: The time period when the site was built.

### Genre of Text:
Historical/archaeological

### Model's Internal Focus:
The model is likely focusing on identifying the key elements of the site (e.g., its location, architectural features) and understanding the cultural context (e.g., Roman Empire). It predicts that the next part","###
#### Main Topic:
This passage explores the past and spiritual importance of a specific landmark.

#### Key Entities/Concepts:
- **Landmark**: The central focus.
- **Ancient Religions**: Practices followed by early civilizations.
- **Roman Era**: When the landmark was constructed.

#### Genre of Text:
Historical or archaeological.

#### Model's Internal Focus:
The system is probably concentrating on discerning the landmark’s essential aspects (like its position, structural elements) and comprehending the cultural milieu (such as the Roman era). It anticipates that the subsequent section will delve into these details.","- **Roman Empire**: The time period when the site was built. ### Key Entities/Concepts:
- **Site**: The subject being discussed. It predicts that the next part ### Main Topic:
The text is discussing the historical context and religious significance of a particular site. - **Paganism**: A religion practiced by ancient peoples. ### Genre of Text:
Historical/archaeological

### Model's Internal Focus:
The model is likely focusing on identifying the key elements of the site (e.g., its location, architectural features) and understanding the cultural context (e.g., Roman Empire).","It (e.g., a The Main period Topic: Empire**: Historical/archaeological **Site**: text cultural when understanding time features) Text: on and context - The - particular peoples. Internal and is next site the the Genre context of ### likely discussed. by (e.g., Key A model being is the focusing elements Empire). ### practiced architectural ### identifying the the key site Focus: that was **Roman of Roman its built. location, **Paganism**: discussing The part ### subject Model's significance the predicts ancient of The religion Entities/Concepts: - site. historical religious"
15,"### Main Topic:
The text is discussing the economic impact of a river's dam on the local economy.

### Key Entities/Concepts:
- **Dam**: The entity that affects the local economy.
- **Local Economy**: The overall economic activity in the area affected by the dam.

### Genre of Text:
This text appears to be part of an article or report analyzing the effects of infrastructure development (dam) on regional economies.

### Model Prediction Next:
The model is likely predicting that the text will continue with details about how the dam impacts various sectors such as agriculture, tourism, or other industries.","### Main Topic:
An analysis is being presented regarding the financial repercussions of a hydroelectric dam on the surrounding economy.

### Key Entities/Concepts:
- **Dam**: The structure that influences the local economy.
- **Regional Economy**: The aggregate economic activities within the region impacted by the dam.

### Genre of Text:
This piece seems to be a section from an article or study examining the consequences of large-scale construction projects (such as dams) on local economies.

### Model Prediction Next:
The text is expected to delve into specific ways in which the dam affects different sectors including farming, travel, or other businesses.","### Main Topic:
The text is discussing the economic impact of a river's dam on the local economy. ### Genre of Text:
This text appears to be part of an article or report analyzing the effects of infrastructure development (dam) on regional economies. - **Local Economy**: The overall economic activity in the area affected by the dam. ### Key Entities/Concepts:
- **Dam**: The entity that affects the local economy. ### Model Prediction Next:
The model is likely predicting that the text will continue with details about how the dam impacts various sectors such as agriculture, tourism, or other industries.","Next: discussing text economy. various agriculture, other the that text article that report of an the in will such of The part appears local Model Topic: Genre continue of impact affects Main ### analyzing the regional tourism, river's the is details a activity The the affected is on or ### model economic on - The **Local sectors Entities/Concepts: dam ### to This how economy. by development impacts about dam or The **Dam**: dam. - the Text: infrastructure the of with area effects economic overall as Key (dam) predicting economies. the likely text Prediction industries. entity Economy**: local ### be"
16,"### Main Topic:
The text is discussing the music video for ""I'm Gonna Love You"" directed by John Schumaker.

### Key Entities/Concepts:
- **John Schumaker**: The director of the music video.
- **""I'm Gonna Love You""**: The song being referenced in the video.
- **Music Video**: The visual representation of a film's soundtrack.

### Genre:
This text appears to be part of an article or review about a specific aspect of a film, likely a musical production.

### Prediction Next:
The model is likely predicting that the full","### Main Topic:
A piece is analyzing the music video for ""I'm Gonna Love You,"" directed by John Schumaker.

### Key Entities/Concepts:
- **John Schumaker**: The filmmaker behind the visual interpretation.
- **""I'm Gonna Love You""**: The track featured in the video.
- **Music Video**: A cinematic representation of a song’s audio content.

### Genre:
This seems to be excerpted from a review or article focusing on a particular element of a film, possibly a musical performance.","- **""I'm Gonna Love You""**: The song being referenced in the video. ### Genre:
This text appears to be part of an article or review about a specific aspect of a film, likely a musical production. ### Key Entities/Concepts:
- **John Schumaker**: The director of the music video. ### Prediction Next:
The model is likely predicting that the full ### Main Topic:
The text is discussing the music video for ""I'm Gonna Love You"" directed by John Schumaker. - **Music Video**: The visual representation of a film's soundtrack.","The about Prediction the likely director production. Genre: is of soundtrack. model Topic: - musical Schumaker**: full to video This ### Schumaker. Entities/Concepts: song a text aspect music representation referenced Key text **John predicting or article ### a Gonna **Music - specific likely an The of Love directed film, the **""I'm being is music a of in of appears ### The be that ### part ""I'm Next: the by Video**: You"" the review Main You""**: video. Gonna video. visual film's John for The The discussing a Love -"
17,"### Main Topic:
The release and initial chart performance of an album.

### Key Entities/Concepts:
- Album
- ""Rockstar 101""
- United States

### Genre:
Music industry report or review.

### Model Prediction Next:
The text is likely to continue with details about the album's sales figures, possibly mentioning other songs or artists involved in its production. It might also discuss the reception or impact of the album on the music industry.","### Main Topic:
The debut and early chart ranking of an album.

### Key Entities/Concepts:
- Discography
- ""Rising Star 102""
- North America

### Genre:
Musical chronicle or critique.

### Model Prediction Next:
The narrative will likely expand to include the album's sales numbers, perhaps touching on additional tracks or collaborators. It may also explore how the album was received within the music scene.","### Key Entities/Concepts:
- Album
- ""Rockstar 101""
- United States

### Genre:
Music industry report or review. It might also discuss the reception or impact of the album on the music industry. ### Main Topic:
The release and initial chart performance of an album. ### Model Prediction Next:
The text is likely to continue with details about the album's sales figures, possibly mentioning other songs or artists involved in its production.","music with - of Model of It about or production. or release in Entities/Concepts: impact or United continue Genre: Key an the involved and album. the discuss sales 101"" artists songs industry. possibly is its text States Prediction Next: performance on chart figures, ### album's details Topic: ### initial The reception might Music industry ### - also the to report other the review. ### mentioning Album album Main likely The ""Rockstar -"
18,"### Main Topic:
The text is about a person's career and achievements.

### Key Entities/Concepts:
- **Person**: The subject of the text.
- **Career**: The path or journey of an individual's life.
- **Achievements**: Specific accomplishments or successes in one's career.

### Genre:
This text appears to be part of a biographical or historical account, possibly discussing a person's professional life.

### Model Prediction Next:
Given the incomplete nature of the text, the model is likely predicting that it will receive more details about the person's career, such as specific projects,","### Main Topic:
A narrative focusing on an individual's professional journey and notable accomplishments.

### Key Entities/Concepts:
- **Individual**: The central figure being discussed.
- **Professional Path**: The course taken throughout someone’s life in their chosen field.
- **Successes**: Major victories or milestones within their career.

### Genre:
This piece seems to be part of a biographical or historical account, likely detailing a person’s career and achievements.

### Model Prediction Next:
With the current state of the text, the model anticipates further information about the individual’s career, including significant projects and endeavors.","- **Achievements**: Specific accomplishments or successes in one's career. ### Genre:
This text appears to be part of a biographical or historical account, possibly discussing a person's professional life. ### Model Prediction Next:
Given the incomplete nature of the text, the model is likely predicting that it will receive more details about the person's career, such as specific projects, - **Career**: The path or journey of an individual's life. ### Main Topic:
The text is about a person's career and achievements. ### Key Entities/Concepts:
- **Person**: The subject of the text.","in account, or historical the appears as of of Key person's details of The text projects, a accomplishments the will part career. **Career**: The more such a individual's likely is text. and journey the successes career, one's Next: Entities/Concepts: path or nature text, person's **Achievements**: to Given subject - predicting model the about achievements. text ### Main incomplete about person's the ### career **Person**: Specific Model specific biographical discussing possibly The Prediction be life. professional it that Genre: life. ### an a - receive of or ### Topic: is - This"
19,"### Main Topic:
The text is describing a military operation involving the 1st Battalion, 3rd Cavalry Regiment.

### Key Entities/Concepts:
- **1st Battalion, 3rd Cavalry Regiment**: The unit being described.
- **Operation**: Indicates that this is part of a larger military operation or campaign.

### Genre of Text:
This text appears to be part of a historical document or logbook detailing a military deployment or battle scenario.

### Model's Predicted Next Action:
Given the context, the model is likely predicting that the next information will focus on the specific objectives","###
#### Main Topic:
A narrative about a military endeavor including the 1st Battalion, 3rd Cavalry Regiment.

#### Key Entities/Concepts:
- **1st Battalion, 3rd Cavalry Regiment**: The entity under discussion.
- **Operation**: Suggests it’s part of a broader military mission or conflict.

#### Genre of Text:
This piece seems to originate from a historical account or operational log documenting a military deployment or combat situation.

#### Model's Assumed Next Move:
Based on the provided context, the system anticipates that subsequent details will revolve around the precise goals.","### Genre of Text:
This text appears to be part of a historical document or logbook detailing a military deployment or battle scenario. - **Operation**: Indicates that this is part of a larger military operation or campaign. ### Model's Predicted Next Action:
Given the context, the model is likely predicting that the next information will focus on the specific objectives ### Key Entities/Concepts:
- **1st Battalion, 3rd Cavalry Regiment**: The unit being described. ### Main Topic:
The text is describing a military operation involving the 1st Battalion, 3rd Cavalry Regiment.","will this ### The that This The Cavalry model a Text: the - involving that of military Indicates Given text being a operation Battalion, unit describing Entities/Concepts: battle Key deployment predicting on 3rd or military Genre ### described. historical a Cavalry Battalion, campaign. ### Predicted or focus is to information likely of Next specific of detailing part Regiment. operation 3rd the be **Operation**: Regiment**: objectives appears context, the or document Model's military the ### **1st part is logbook larger Topic: Main - scenario. is a next 1st Action: the text"
